[
{
    "name": null,
    "price": null,
    "brand": null
},
{
    "name": null,
    "price": null,
    "brand": null
},
{
    "name": "Positivity Sports Football Home Jersey Red 2023/24",
    "price": "₹389",
    "brand": "Generic"
},
{
    "name": "Sports Football Jersey Red 2023-24",
    "price": "₹309",
    "brand": "Generic"
},
{
    "name": "Positivity Sports Football Third Jersey White 2023-24",
    "price": "₹379",
    "brand": "Generic"
},
{
    "name": "Positivity Sports Football Away Jersey Green 2023-24",
    "price": "₹359",
    "brand": "Generic"
},
{
    "name": null,
    "price": null,
    "brand": null
},
{
    "name": "Men's Regular Fit Jersey",
    "price": "₹2,000",
    "brand": "Adidas"
},
{
    "name": "Men T-Shirt",
    "price": "₹2,499",
    "brand": "Adidas"
},
{
    "name": "Men's Regular T-Shirt",
    "price": null,
    "brand": "Adidas"
},
{
    "name": "Sport Ronaldo 7 Football Jersey red for Men 2023-24",
    "price": "₹289",
    "brand": "Generic"
},
{
    "name": "Halaand 9 Football Team Away Jersey with Shorts 2023/2024 (Kids,Boys,Men)",
    "price": "₹389",
    "brand": "Generic"
},
{
    "name": "Men's Regular Fit Jersey",
    "price": "₹2,499",
    "brand": "Adidas"
},
{
    "name": "Ronaldo 7 Football Jersey 2023/2024 for Men & Boys(9-10Years,manred2022fs)",
    "price": "₹289",
    "brand": "Generic"
},
{
    "name": "Ronaldo 7 Football UTD Home Jersey with Shorts 2022/2023 for Boys & Kids",
    "price": "₹409",
    "brand": "Generic"
},
{
    "name": "Manu United Green Colour Away Jersey for Adults 2023 2024 Season",
    "price": "₹999",
    "brand": "Generic"
},
{
    "name": "Portugal White Cristiano Ronaldo 7 Away Original Football Half Sleeve Jersey for Men & Kids 2023/2024",
    "price": "₹319",
    "brand": "Generic"
},
{
    "name": "Haaland 9 Football Official Jersey for Kids & Boys and 2023/24",
    "price": "₹299",
    "brand": "Generic"
},
{
    "name": "Positivity Sports Football Away Jersey Green for Men 2023-24",
    "price": "₹359",
    "brand": "Generic"
},
{
    "name": "Manu United Red Colour Home Jersey for Adults 2023 2024 Season",
    "price": "₹999",
    "brand": "Generic"
},
{
    "name": "Sports Football Jersey Red 2023-24 with Black Track (Kids,Boys,Men)",
    "price": "₹479",
    "brand": "Generic"
},
{
    "name": "Sports Football Home Jersey Green 2023-24",
    "price": "₹289",
    "brand": "Generic"
},
{
    "name": null,
    "price": null,
    "brand": null
},
{
    "name": "Sports Soccer Football Home Away Training Team Club kit Jersey T-Shirt (Kid's, Boy's & Men) Product Code (Size, Colour)",
    "price": "₹399",
    "brand": "Generic"
},
{
    "name": "Sports Ronaldo Jersey Green 2022-23",
    "price": "₹319",
    "brand": "Generic"
},
{
    "name": "SAN Football Jersey Man_Utd Ronaldo Third Kit- for Men and boys21-22",
    "price": "₹299",
    "brand": "Generic"
},
{
    "name": "Football De Bruyne 17 Green Half Sleeve Jersey 2023/2024 for Men & Boys",
    "price": "₹289",
    "brand": "Generic"
},
{
    "name": "Ronaldo 7 Football Away White Halfsleeve Jersey with Shorts 2022/23 (Boys & Men)",
    "price": "₹389",
    "brand": "Generic"
},
{
    "name": "Man_UTD Away Football Official Half Sleeve Jersey 2023-24 (Men,Kids,Boys)",
    "price": "₹289",
    "brand": "Generic"
},
{
    "name": "SAN Football Jersey Man_UTD_RED Home & POURTUGAL Away KIT- for Men and Sports Jersey 2022-23 Age 4-XXL",
    "price": "₹499",
    "brand": "Generic"
},
{
    "name": "Positivity Sports Football Third Jersey White 2023-24",
    "price": "₹369",
    "brand": "Generic"
},
{
    "name": "Active_Sport Football Jersey forboys and menMAN_UTD_RONOLDOJERSEY",
    "price": "₹349",
    "brand": "Generic"
},
{
    "name": "Man_Utd Haaland 9 Football Away Jersey 2023/2024 (Kids,Boys,Men)",
    "price": "₹289",
    "brand": "Generic"
},
{
    "name": "Man_Utd Haaland 9 Football Away Jersey with Shorts 2023/2024 (Kids,Boys,Men)",
    "price": "₹389",
    "brand": "Generic"
},
{
    "name": "Active_Sport Football Jersey forboys and menMAN_UTD_RONOLDO Third KIT Jersey",
    "price": "₹299",
    "brand": "Generic"
},
{
    "name": "Unisex Manchester United Football Combo of Sipper and T-Shirts| Manchester unitedT-Shirt| Manchester United Sipper",
    "price": "₹649",
    "brand": "Tee Mafia"
},
{
    "name": "Football Jersey Ronaldo Portugal Home with Black Shorts- for Men and Boys 21-22",
    "price": "₹409",
    "brand": "Generic"
},
{
    "name": "Portugal Football Jersey - Portugal Ronaldo Jersey 2022-2023 for Men & Kids",
    "price": "₹289",
    "brand": "Generic"
},
{
    "name": "Men's Regular T-Shirt (H13881_Red S)",
    "price": "₹2,499",
    "brand": "Adidas"
},
{
    "name": "Men's Regular T-Shirt (H13881_Red M)",
    "price": "₹3,767",
    "brand": "Adidas"
},
{
    "name": "Man United Home 2023-24 Club Football Jersey with Shorts with All Logos for Men's & Women's Sports Wear. | Football Cloths | Football Training Kit | Football Set |",
    "price": "₹999",
    "brand": "AASHRAY"
},
{
    "name": "Ronaldo 7 Jersey 2022/2023 with Black Shorts for Kids & Boys_Football",
    "price": "₹409",
    "brand": "Generic"
},
{
    "name": "Sports Soccer Football Jersey Ronaldo 7 Home Kit Jeresy T-Shirt(Kid's, Boy'&Men)",
    "price": "₹349",
    "brand": "Generic"
},
{
    "name": "Cristiano Ronaldo 7 Yellow New Football Team Jersey with Shorts for 2023-2024 (Boys & Mens)",
    "price": "₹409",
    "brand": "Generic"
},
{
    "name": "Manu Home Sports Jersey & Shorts 2023/24 with Embroidered Logos & Badges - StadiumEX",
    "price": "₹999",
    "brand": "Generic"
},
{
    "name": "Football Jersey for menHOME Jersey Barcelona Jersey Lewandowski 22/23 2022-23",
    "price": "₹359",
    "brand": "PRO'STATIC"
},
{
    "name": "Ronaldo 7 Football UTD Home Jersey 2022/2023 for Boys & Kids(15-16Years) Multicolour",
    "price": "₹299",
    "brand": "Generic"
},
{
    "name": "Manchester Football Jersey..New Season..Superb Colour .EMBROIDRED Logo",
    "price": "₹374",
    "brand": "BodySports.co"
},
{
    "name": "Manchester United Polo t-Shirt Black Hoodie Men's Arsenal Sweatshirt Liverpool Messi Women",
    "price": "₹449",
    "brand": "DEMAMD PRINT"
},
{
    "name": "Sports Cristiano Ronaldo 7 Football Jersey with Back Print 2023",
    "price": "₹299",
    "brand": "Generic"
},
{
    "name": "Haaland 9 City Football Jersey with Shorts 2023/2024 for Boys & Men",
    "price": "₹389",
    "brand": "Generic"
},
{
    "name": "Active_Sport Football Jersey for Men Argentina_Away 22-23 Jersey",
    "price": "₹299",
    "brand": "Generic"
},
{
    "name": "Sports Football Jersey de bruyne 2022-23",
    "price": "₹299",
    "brand": "Generic"
},
{
    "name": "Ronaldo 7 Football Away White Halfsleeve Jersey with Shorts 2022/23 (Boys & Men)",
    "price": "₹399",
    "brand": "Generic"
},
{
    "name": "Haaland 9 Football Away Club Team Official Jersey Tshirt 2023/2024 (Kids,Boys,Men)",
    "price": "₹289",
    "brand": "Generic"
},
{
    "name": "Cristiano Ronaldo 7 Yellow New Football Team Jersey for 2023-2024(Boys and Men)",
    "price": "₹309",
    "brand": "Generic"
},
{
    "name": "TEXERD Collar Plain",
    "price": "₹450",
    "brand": "Generic"
},
{
    "name": "Sports Football Soccer HAALAND 9 Jersey T-Shirt (Kid's, Boy's & Men)",
    "price": "₹319",
    "brand": "Generic"
},
{
    "name": "Football Sports Soccer Ronaldo 7 Jerseys Madrid Jersey Home Kit Jersey T-Shirt(Kid's, Boy's & Men's)",
    "price": "₹399",
    "brand": "Generic"
},
{
    "name": "Thor Tshirt",
    "price": "₹650",
    "brand": "hummel"
},
{
    "name": "Ronaldo 7 Football Away White Halfsleeve Jersey 2022/23 (Boys & Men)",
    "price": "₹319",
    "brand": "Generic"
},
{
    "name": "Mens Round Neck Printed Tshirt",
    "price": "₹709",
    "brand": "Generic"
},
{
    "name": "Men's Stylish Solid Round Neck Tshirt",
    "price": "₹449",
    "brand": "Generic"
},
{
    "name": "Cristiano Ronaldo Inside Men's 100% Cotton Round Neck T-Shirt",
    "price": "₹549",
    "brand": "Revind.442"
},
{
    "name": null,
    "price": null,
    "brand": null
},
{
    "name": null,
    "price": null,
    "brand": null
},
{
    "name": null,
    "price": null,
    "brand": null
},
{
    "name": null,
    "price": null,
    "brand": null
}
]