[
{
    "name": null,
    "price": null,
    "brand": null
},
{
    "name": null,
    "price": null,
    "brand": null
},
{
    "name": "Sports Ronaldo Jersey Green 2022-23",
    "price": "₹319",
    "brand": "Generic"
},
{
    "name": "Ronaldo 7 Football Away White Halfsleeve Jersey 2022/23 (Boys & Men)",
    "price": "₹319",
    "brand": "Generic"
},
{
    "name": "Sports Football Haaland 9 Half Sleeve Jersey 2023-2024 for Boys & Men",
    "price": "₹299",
    "brand": "Generic"
},
{
    "name": "Anime Death The Kid Round Neck Black Cottan T-Shirt for Men's",
    "price": "₹699",
    "brand": "Quote Marshals"
},
{
    "name": "FC Football Jersey with Shorts Red Color 2023/24",
    "price": "₹999",
    "brand": "Generic"
},
{
    "name": "Football Jersey Man_UTD_RED Home & POURTUGAL Away KIT- for Men and Sports Jersey for Men 2022-23",
    "price": "₹489",
    "brand": "Generic"
},
{
    "name": "Sports Cristiano Ronaldo 7 Football Jersey with Back Print 2023",
    "price": "₹299",
    "brand": "Generic"
},
{
    "name": null,
    "price": null,
    "brand": null
},
{
    "name": "Ronaldo Jersey Fullsleeve Red with Shorts",
    "price": "₹409",
    "brand": "Generic"
},
{
    "name": "Haaland 9 Football Away Club Team Official Jersey Tshirt 2023/2024 (Kids,Boys,Men)",
    "price": "₹289",
    "brand": "Generic"
},
{
    "name": "Ronaldo 7 Football Home Jersey 2023 with Black Short (Kids & Boys)",
    "price": "₹409",
    "brand": "Generic"
},
{
    "name": "Football Club CH Away Stadium Jersey 22-23",
    "price": "₹846",
    "brand": "Generic"
},
{
    "name": "SAN Football Jersey Man_UTD_RED & POURTUGAL Home KIT- for Men and Sports Jersey for Men and Boys 2022-23 Age 4-XXL",
    "price": "₹499",
    "brand": "Generic"
},
{
    "name": "Men's Regular T-Shirt (H13881_Red S)",
    "price": "₹2,499",
    "brand": "Adidas"
},
{
    "name": null,
    "price": null,
    "brand": null
},
{
    "name": "Football Jersey Man_UTD_RED Home & POURTUGAL Away KIT- for Men and Sports Jersey for Men and Boys Football Team 2022-23",
    "price": "₹519",
    "brand": "Generic"
},
{
    "name": "Man City Football Third Half Sleeve Jersey Haaland 9 (Kids,Boys,Men) with Black Shorts",
    "price": "₹389",
    "brand": "Generic"
},
{
    "name": "Sports Football Jersey de bruyne 2022-23",
    "price": "₹299",
    "brand": "Generic"
},
{
    "name": "Sports manch City haland 9 Third Official Football Club Team Original Green Jersey for Kids and Men 2023-2024",
    "price": "₹299",
    "brand": "Generic"
},
{
    "name": "Erling Braut Haaland 9 Official Football Blue Jersey for Boys and Men",
    "price": "₹299",
    "brand": "Generic"
},
{
    "name": "Football Jersey Man_UTD_RED Home & POURTUGAL Away KIT- for Men and Sports Jersey 2022-23",
    "price": "₹479",
    "brand": "Generic"
},
{
    "name": "Sports Round Neck Football Halland 9 Jersey Jersey (Kid's,Boys& Men)",
    "price": "₹289",
    "brand": "Generic"
},
{
    "name": "Thor Tshirt",
    "price": "₹650",
    "brand": "hummel"
},
{
    "name": "Sports Arsenal Football Home Official Club Team Original red Half Sleeve Jersey for Boys and Men",
    "price": "₹319",
    "brand": "Generic"
},
{
    "name": "Sports Soccer Football Jersey 2023/2024 (Men & Boys) (Kids&Men)",
    "price": "₹349",
    "brand": "Generic"
},
{
    "name": "Sports Football Soccer Inter Messi 10 Jersey T-Shirt (Kid's, Boy's & Men's)",
    "price": "₹399",
    "brand": "Generic"
},
{
    "name": "Men's Regular T-Shirt",
    "price": null,
    "brand": "Adidas"
},
{
    "name": "SAN Football Jersey Man_UTD_RED Home & POURTUGAL Away KIT- for Men and boys2022-23",
    "price": "₹499",
    "brand": "Generic"
},
{
    "name": "Manchester Football Jersey Embroidered Logo",
    "price": "₹355",
    "brand": "Bodysports.co"
},
{
    "name": "Active_Sport Football Jersey for menMAN_UTD_RONOLDO Third KIT Jersey",
    "price": "₹299",
    "brand": "Generic"
},
{
    "name": "Man City Football Third Official Jersey De Bruyne 17 (Boys,Men,Kids)",
    "price": "₹319",
    "brand": "Generic"
},
{
    "name": "SAN Football Jersey Man_UTD_RED Home & POURTUGAL Away KIT- for Men and Sports Jersey for Men and Boys SAN Football Team 2022-23 Age 4-XXL",
    "price": "₹499",
    "brand": "Generic"
},
{
    "name": "Ronaldo 7 Home Football Team Half Sleeve Red Jersey Tshirt 2022/2023 (Men,Kids,Boys)",
    "price": "₹339",
    "brand": "Generic"
},
{
    "name": "Portugal White Cristiano Ronaldo 7 Away Football Team World Cup Original Sports Half Sleeve Jersey 2023/24 for Boys and Men",
    "price": "₹339",
    "brand": "Generic"
},
{
    "name": "Football Jersey for menARGENTENA 22/23 Home Jersey Messi 10 2022-23",
    "price": "₹379",
    "brand": "Generic"
},
{
    "name": "Cutest Red Devil Newborn Baby Romper Bodysuit Onesie Clothes Dress Football Theme",
    "price": "₹499",
    "brand": "Zeezeezoo"
},
{
    "name": "Ronaldo Jersey Football Red with Shorts",
    "price": "₹389",
    "brand": "Generic"
},
{
    "name": "Ronaldo 7 Away White Football Jersey 2023/24 for Boys & Men",
    "price": "₹289",
    "brand": "Generic"
},
{
    "name": "Football Away Jersey Green 2023/24",
    "price": "₹349",
    "brand": "Generic"
},
{
    "name": "SAN Football Jersey Ronaldo Portugal Away with Black Shorts- for Men and boys21-22",
    "price": "₹475",
    "brand": "Generic"
},
{
    "name": "Ronaldo 7 Football UTD Home Jersey 2022/2023 for Boys & Kids(X-Large 42,redR7FS)",
    "price": "₹319",
    "brand": "Generic"
},
{
    "name": "Football Jersey Man_Utd Ronaldo Home Kit with Black Shorts- for Men and Sports Jersey for Men and Boys Football Team 21-22",
    "price": "₹455",
    "brand": "Generic"
},
{
    "name": "Active_Sport Football Jersey for menMAN_UTD_RONOLDOJERSEY",
    "price": "₹299",
    "brand": "Generic"
},
{
    "name": "Sport Ronaldo Jersey Full Sleeve red",
    "price": "₹324",
    "brand": "Generic"
},
{
    "name": "Ronaldo 7 Football Jersey 2023/2024 for Men & Boys(XX-Large 44,manred2022fs)",
    "price": "₹319",
    "brand": "Generic"
},
{
    "name": "Men's Regular T-Shirt (H13881_Red M)",
    "price": "₹3,767",
    "brand": "Adidas"
},
{
    "name": "Unisex Designer Manchester United T-Shirts | Football T-Shirts | Hope&Dreams (Large, Black)",
    "price": "₹399",
    "brand": "Tee Mafia"
},
{
    "name": "Football UTD Home Pre Match Blue Jersey 2023/24 (Kid's, Men,Boy's)",
    "price": "₹289",
    "brand": "Generic"
},
{
    "name": "Man_UTD Football Team Home Jersey Tshirt Cristiano Ronaldo 7 Home Kit Set 2023/2024 for (Kids,Men,Boys)",
    "price": "₹419",
    "brand": "Generic"
},
{
    "name": "Unisex Manchester United Sports T-Shirts",
    "price": "₹499",
    "brand": "Tee Mafia"
},
{
    "name": "SAN Football Jersey Portugal Ronaldo Home Kitt- for Men and Sports Jersey for Men 2022-23 Age 4-XXL",
    "price": "₹379",
    "brand": "Generic"
},
{
    "name": "Football Jersey Man_UTD_RED Ronaldo Home Tshirt with Black Shorts 2021/22 for Men and Boys",
    "price": "₹409",
    "brand": "Generic"
},
{
    "name": "Ronaldo 7 Football Jersey 2023/2024 for Men & Boys(7-8Years,manred2022fs)",
    "price": "₹289",
    "brand": "Generic"
},
{
    "name": "Sports Arsenal Football Home Official Club Team Original red Half Sleeve Jersey for Boys and Men",
    "price": "₹299",
    "brand": "Generic"
},
{
    "name": "Cristiano Ronaldo 7 Football Team Home Kit Half Sleeve Jersey Set 2023/2024 (Men,Kids,Boys)",
    "price": "₹399",
    "brand": "Generic"
},
{
    "name": "Haaland 9 Football Away Club Team Official Jersey Tshirt with Shorts 2023/2024 (Kids,Boys,Men)",
    "price": "₹389",
    "brand": "Generic"
},
{
    "name": "Football Jersey Ronaldo Portugal Home with Black Shorts- for Men and boys21-22",
    "price": "₹389",
    "brand": "Generic"
},
{
    "name": "Manchester Football Jersey..New Season..Superb Colour .EMBROIDRED Logo",
    "price": "₹374",
    "brand": "BodySports.co"
},
{
    "name": "Unisex Regular Fit Golden Black Panther Graphic Printed T-Shirt, Wakanda Avenger",
    "price": "₹655",
    "brand": "PdlPrint"
},
{
    "name": "Harukki- Half Sleeve Cotton Casual Fit Men's Tshirt for Casual Wear(HC-10)",
    "price": "₹299",
    "brand": "HARUKKI Clothing"
},
{
    "name": "Shirt for Men~KZH_1_Parent",
    "price": "₹445",
    "brand": "KOSZULE"
},
{
    "name": "Nairobi Round Mens Tshirt",
    "price": "₹160",
    "brand": "MARUSTYLE"
},
{
    "name": null,
    "price": null,
    "brand": null
},
{
    "name": null,
    "price": null,
    "brand": null
},
{
    "name": null,
    "price": null,
    "brand": null
},
{
    "name": null,
    "price": null,
    "brand": null
}
]